6;1;5;25
6;1;3;28
6;1;0;26
6;1;2;33
6;1;4;29
6;1;6;36
6;1;1;37
6;1;7;45
6;1;8;26
6;1;10;27
6;1;9;37
6;1;14;30
6;1;11;37
6;1;12;24
6;1;13;27
6;1;16;26
6;1;15;30
6;1;18;28
6;1;17;26
6;1;19;32
12;1;0;51
12;1;1;68
12;1;5;48
12;1;2;56
12;1;3;51
12;1;4;64
12;1;6;63
12;1;9;63
12;1;8;64
12;1;7;82
12;1;10;55
12;1;11;64
12;1;12;51
12;1;13;61
12;1;15;52
12;1;14;57
12;1;18;58
12;1;16;51
12;1;17;49
12;1;19;58
18;1;0;78
18;1;5;76
18;1;1;105
18;1;6;88
18;1;4;112
18;1;3;79
18;1;2;81
18;1;7;106
18;1;8;87
18;1;9;93
18;1;10;84
18;1;12;76
18;1;14;85
18;1;11;103
18;1;13;101
18;1;16;78
18;1;15;81
18;1;17;73
24;1;0;109
18;1;18;90
24;1;2;107
24;1;3;105
18;1;19;85
24;1;1;133
24;1;4;156
24;1;5;103
24;1;9;127
24;1;8;113
24;1;7;130
24;1;6;113
24;1;10;111
24;1;11;130
24;1;12;108
24;1;13;137
24;1;17;95
24;1;15;104
24;1;14;118
24;1;16;102
24;1;18;118
24;1;19;107
30;1;3;147
30;1;0;135
30;1;5;137
30;1;2;137
30;1;1;197
30;1;4;188
30;1;6;145
30;1;7;165
30;1;8;156
30;1;11;162
30;1;9;161
30;1;10;146
30;1;12;131
30;1;14;144
6;2;0;11
30;1;15;137
6;2;2;16
6;2;1;20
6;2;3;15
6;2;4;16
30;1;16;128
30;1;13;175
6;2;6;20
6;2;5;14
6;2;7;32
6;2;8;13
6;2;9;19
30;1;17;120
6;2;13;14
6;2;12;11
6;2;11;25
6;2;10;14
6;2;16;11
6;2;15;11
30;1;19;135
6;2;17;12
6;2;14;15
6;2;18;11
30;1;18;152
12;2;0;26
6;2;19;15
12;2;1;37
12;2;3;28
12;2;5;25
12;2;2;32
12;2;8;26
12;2;6;36
12;2;10;26
12;2;9;36
12;2;7;45
12;2;4;29
12;2;11;37
12;2;12;24
12;2;13;26
12;2;15;29
12;2;14;30
12;2;16;25
12;2;18;28
12;2;17;24
12;2;19;32
18;2;3;40
18;2;1;49
18;2;0;38
18;2;2;45
18;2;5;36
18;2;4;42
18;2;8;47
18;2;7;59
18;2;9;47
18;2;10;41
18;2;6;48
18;2;12;40
18;2;11;50
18;2;13;46
18;2;14;42
18;2;15;40
18;2;16;37
18;2;18;44
18;2;17;36
18;2;19;44
24;2;0;51
24;2;1;68
24;2;2;56
24;2;3;51
24;2;6;63
24;2;5;48
24;2;8;63
24;2;10;55
24;2;4;64
24;2;9;63
24;2;7;83
24;2;12;51
24;2;15;52
24;2;14;57
24;2;11;64
24;2;13;-1
24;2;16;50
24;2;17;48
24;2;18;58
24;2;19;58
30;2;1;89
30;2;0;66
30;2;5;61
30;2;2;68
30;2;6;75
30;2;4;91
30;2;3;68
30;2;8;76
30;2;7;94
30;2;9;77
30;2;12;64
30;2;10;70
30;2;13;-1
30;2;14;70
30;2;11;76
6;3;0;7
6;3;1;16
6;3;2;12
6;3;3;7
30;2;15;68
6;3;5;8
6;3;4;7
6;3;6;15
30;2;17;60
30;2;18;70
30;2;16;64
6;3;8;7
6;3;9;13
6;3;10;9
6;3;11;11
6;3;12;7
6;3;16;7
6;3;14;8
6;3;7;24
6;3;15;7
6;3;13;8
6;3;17;8
6;3;18;7
30;2;19;71
6;3;19;8
12;3;2;22
12;3;1;23
12;3;0;15
12;3;5;17
12;3;3;19
12;3;4;21
12;3;7;35
12;3;8;17
12;3;10;18
12;3;6;26
12;3;11;29
12;3;12;15
12;3;9;22
12;3;13;18
12;3;14;18
12;3;15;15
12;3;16;17
12;3;17;16
12;3;18;15
12;3;19;19
18;3;3;28
18;3;0;26
18;3;1;37
18;3;6;36
18;3;5;25
18;3;2;32
18;3;4;29
18;3;7;45
18;3;10;26
18;3;9;36
18;3;12;24
18;3;8;26
18;3;11;37
18;3;16;25
18;3;13;26
18;3;15;29
18;3;19;32
18;3;14;30
18;3;17;24
18;3;18;28
24;3;0;35
24;3;2;40
24;3;1;44
24;3;4;38
24;3;5;33
24;3;6;44
24;3;3;36
24;3;7;54
24;3;8;42
24;3;12;36
24;3;9;43
24;3;10;37
24;3;11;46
24;3;15;36
24;3;13;37
24;3;14;38
24;3;18;41
24;3;17;33
24;3;19;40
24;3;16;33
30;3;0;42
30;3;2;49
30;3;1;53
30;3;3;44
30;3;4;50
30;3;5;41
30;3;6;54
30;3;8;51
30;3;10;47
30;3;7;64
30;3;9;53
30;3;11;54
30;3;13;50
30;3;16;41
30;3;12;44
30;3;14;47
30;3;15;45
30;3;17;40
30;3;19;48
30;3;18;50
